id,adults,children,infants,total_cost,tax,service_charge
1,3,4,3,2103,49.57317299362032,192
2,6,3,4,2159,22.760193651014138,180
3,9,0,0,1991,75.03384369292412,132
4,12,0,3,1918,51.18908904845478,171
5,10,2,3,107,49.13475837867758,112
6,14,4,4,165,69.36245208625336,159
7,13,1,1,549,81.02994903549249,199
8,14,2,0,927,91.84404886842967,255
9,10,1,0,2148,79.53967230344236,208
10,14,4,4,1572,95.51584042690347,223
